[
  {
    "id": "writer-idea-generator",
    "title": "Idea Generator for Writers",
    "tagline": "Endless plot hooks, twists, and scenes.",
    "tags": [
      "writing",
      "ideas",
      "plot"
    ],
    "sections": [
      {
        "heading": "Kickoff",
        "items": [
          "Give me 10 original story premises set in the Shenandoah Valley mixing gothic romance and modern realism.",
          "Generate 5 opening paragraphs that imply a supernatural secret without naming it."
        ]
      },
      {
        "heading": "Deepen the Conflict",
        "items": [
          "List 12 escalating complications for a mortal \u00d7 immortal relationship that feel fresh.",
          "Offer 8 scene prompts where weather and landscape mirror the internal conflict."
        ]
      },
      {
        "heading": "Polish & Marketing",
        "items": [
          "Write 10 back-cover hooks (25\u201335 words each) with distinct vibes: lyrical, eerie, punchy.",
          "Draft a 7\u2011email launch sequence with curiosity gaps and cliffhanger micro-excerpts."
        ]
      }
    ]
  },
  {
    "id": "designer-template-links",
    "title": "Designer Template Creator Links",
    "tagline": "Jump directly into proven template libraries.",
    "tags": [
      "design",
      "templates",
      "branding"
    ],
    "sections": [
      {
        "heading": "Start Here",
        "items": [
          "Open Canva Templates: https://www.canva.com/templates/",
          "Open Figma Community Templates: https://www.figma.com/community",
          "Open Notion Template Gallery: https://www.notion.so/templates"
        ]
      },
      {
        "heading": "Make It Yours",
        "items": [
          "List brand colors, serif/sans pairings, and button styles for a calm gothic aesthetic.",
          "Export a social kit (1080\u00d71080, 1080\u00d71920) with headline, subhead, and CTA."
        ]
      }
    ]
  },
  {
    "id": "email-campaign-ads",
    "title": "Email Campaign Ads",
    "tagline": "High-converting micro-ads for inbox and social.",
    "tags": [
      "email",
      "marketing",
      "ads"
    ],
    "sections": [
      {
        "heading": "Angles",
        "items": [
          "Write 12 ad angles: secret-keeper, found-journal, moonlit-oath, last-wolf.",
          "Turn the 3 best angles into 5 subject lines each under 45 characters."
        ]
      },
      {
        "heading": "Creative",
        "items": [
          "Draft 6 micro-ads (60\u201380 words) each ending on a question to drive clicks.",
          "Create 3 plain\u2011text emails and 3 HTML emails with a single CTA."
        ]
      }
    ]
  },
  {
    "id": "everyday-life-hacks",
    "title": "Everyday Life Hacks",
    "tagline": "Save time, money, and attention in minutes.",
    "tags": [
      "productivity",
      "automation",
      "iphone"
    ],
    "sections": [
      {
        "heading": "Daily 15\u2011Minute Wins",
        "items": [
          "Create a 3\u2011step morning checklist that removes 5 decisions before 9am.",
          "Draft an iOS Shortcut that renames, zips, uploads to iCloud, and copies link."
        ]
      },
      {
        "heading": "Cashflow Boosters",
        "items": [
          "Outline 5 iPhone\u2011only side hustles you can start in under an hour.",
          "Write a Gumroad listing for a 20\u2011page \u2018AI Starter Prompts\u2019 guide."
        ]
      }
    ]
  }
]